image_path	ground_truth	answer	options_list	question	task	image_name	index	cls_description	A	B	C	D	E
36.png	Lower-left	D	['Up', 'Upper-left', 'Down', 'Lower-left', 'Left']	"['What is the movement direction of the ship in the image?', 'Which direction is the ship moving in this image?', ""What is the primary direction of the ship's movement shown in the image?"", ""Which direction best describes the ship's movement in the picture?"", 'What direction is the ship traveling in this image?']"	Ship Movement Direction Inference	36.png	0	Medium Difficulty	Up	Upper-left	Down	Lower-left	Left
51.png	Down	A	['Down', 'Lower-left', 'Upper-right', 'Left', 'Up']	"['What is the movement direction of the ship in the image?', 'Which direction is the ship moving in this image?', ""What is the primary direction of the ship's movement shown in the image?"", ""Which direction best describes the ship's movement in the picture?"", 'What direction is the ship traveling in this image?']"	Ship Movement Direction Inference	51.png	1	Medium Difficulty	Down	Lower-left	Upper-right	Left	Up
52.png	Down	C	['Upper-right', 'Upper-left', 'Down', 'Right', 'Left']	"['What is the movement direction of the ship in the image?', 'Which direction is the ship moving in this image?', ""What is the primary direction of the ship's movement shown in the image?"", ""Which direction best describes the ship's movement in the picture?"", 'What direction is the ship traveling in this image?']"	Ship Movement Direction Inference	52.png	2	Medium Difficulty	Upper-right	Upper-left	Down	Right	Left
101.png	Upper-right	E	['Up', 'Lower-left', 'Upper-left', 'Right', 'Upper-right']	"['What is the movement direction of the ship in the image?', 'Which direction is the ship moving in this image?', ""What is the primary direction of the ship's movement shown in the image?"", ""Which direction best describes the ship's movement in the picture?"", 'What direction is the ship traveling in this image?']"	Ship Movement Direction Inference	101.png	3	Medium Difficulty	Up	Lower-left	Upper-left	Right	Upper-right
107.png	Down	E	['Lower-left', 'Right', 'Upper-left', 'Lower-right', 'Down']	"['What is the movement direction of the ship in the image?', 'Which direction is the ship moving in this image?', ""What is the primary direction of the ship's movement shown in the image?"", ""Which direction best describes the ship's movement in the picture?"", 'What direction is the ship traveling in this image?']"	Ship Movement Direction Inference	107.png	4	Medium Difficulty	Lower-left	Right	Upper-left	Lower-right	Down
121.png	Up	E	['Upper-right', 'Right', 'Upper-left', 'Lower-right', 'Up']	"['What is the movement direction of the ship in the image?', 'Which direction is the ship moving in this image?', ""What is the primary direction of the ship's movement shown in the image?"", ""Which direction best describes the ship's movement in the picture?"", 'What direction is the ship traveling in this image?']"	Ship Movement Direction Inference	121.png	5	Medium Difficulty	Upper-right	Right	Upper-left	Lower-right	Up
132.png	Right	D	['Upper-left', 'Left', 'Upper-right', 'Right', 'Down']	"['What is the movement direction of the ship in the image?', 'Which direction is the ship moving in this image?', ""What is the primary direction of the ship's movement shown in the image?"", ""Which direction best describes the ship's movement in the picture?"", 'What direction is the ship traveling in this image?']"	Ship Movement Direction Inference	132.png	6	Medium Difficulty	Upper-left	Left	Upper-right	Right	Down
144.png	Up	B	['Left', 'Up', 'Lower-right', 'Right', 'Upper-right']	"['What is the movement direction of the ship in the image?', 'Which direction is the ship moving in this image?', ""What is the primary direction of the ship's movement shown in the image?"", ""Which direction best describes the ship's movement in the picture?"", 'What direction is the ship traveling in this image?']"	Ship Movement Direction Inference	144.png	7	Medium Difficulty	Left	Up	Lower-right	Right	Upper-right
146.png	Upper-right	D	['Upper-left', 'Down', 'Up', 'Upper-right', 'Right']	"['What is the movement direction of the ship in the image?', 'Which direction is the ship moving in this image?', ""What is the primary direction of the ship's movement shown in the image?"", ""Which direction best describes the ship's movement in the picture?"", 'What direction is the ship traveling in this image?']"	Ship Movement Direction Inference	146.png	8	Medium Difficulty	Upper-left	Down	Up	Upper-right	Right
184.png	Upper-right	C	['Lower-left', 'Up', 'Upper-right', 'Left', 'Upper-left']	"['What is the movement direction of the ship in the image?', 'Which direction is the ship moving in this image?', ""What is the primary direction of the ship's movement shown in the image?"", ""Which direction best describes the ship's movement in the picture?"", 'What direction is the ship traveling in this image?']"	Ship Movement Direction Inference	184.png	9	Medium Difficulty	Lower-left	Up	Upper-right	Left	Upper-left
245.png	Lower-right	E	['Right', 'Left', 'Down', 'Upper-right', 'Lower-right']	"['What is the movement direction of the ship in the image?', 'Which direction is the ship moving in this image?', ""What is the primary direction of the ship's movement shown in the image?"", ""Which direction best describes the ship's movement in the picture?"", 'What direction is the ship traveling in this image?']"	Ship Movement Direction Inference	245.png	10	Medium Difficulty	Right	Left	Down	Upper-right	Lower-right
258.png	Upper-right	A	['Upper-right', 'Right', 'Down', 'Up', 'Upper-left']	"['What is the movement direction of the ship in the image?', 'Which direction is the ship moving in this image?', ""What is the primary direction of the ship's movement shown in the image?"", ""Which direction best describes the ship's movement in the picture?"", 'What direction is the ship traveling in this image?']"	Ship Movement Direction Inference	258.png	11	Medium Difficulty	Upper-right	Right	Down	Up	Upper-left
262.png	Upper-left	C	['Down', 'Lower-right', 'Upper-left', 'Lower-left', 'Right']	"['What is the movement direction of the ship in the image?', 'Which direction is the ship moving in this image?', ""What is the primary direction of the ship's movement shown in the image?"", ""Which direction best describes the ship's movement in the picture?"", 'What direction is the ship traveling in this image?']"	Ship Movement Direction Inference	262.png	12	Medium Difficulty	Down	Lower-right	Upper-left	Lower-left	Right
274.png	Lower-left	E	['Lower-right', 'Upper-left', 'Down', 'Upper-right', 'Lower-left']	"['What is the movement direction of the ship in the image?', 'Which direction is the ship moving in this image?', ""What is the primary direction of the ship's movement shown in the image?"", ""Which direction best describes the ship's movement in the picture?"", 'What direction is the ship traveling in this image?']"	Ship Movement Direction Inference	274.png	13	Medium Difficulty	Lower-right	Upper-left	Down	Upper-right	Lower-left
291.png	Upper-right	E	['Lower-left', 'Right', 'Up', 'Lower-right', 'Upper-right']	"['What is the movement direction of the ship in the image?', 'Which direction is the ship moving in this image?', ""What is the primary direction of the ship's movement shown in the image?"", ""Which direction best describes the ship's movement in the picture?"", 'What direction is the ship traveling in this image?']"	Ship Movement Direction Inference	291.png	14	Medium Difficulty	Lower-left	Right	Up	Lower-right	Upper-right
298.png	Lower-right	D	['Upper-left', 'Down', 'Left', 'Lower-right', 'Lower-left']	"['What is the movement direction of the ship in the image?', 'Which direction is the ship moving in this image?', ""What is the primary direction of the ship's movement shown in the image?"", ""Which direction best describes the ship's movement in the picture?"", 'What direction is the ship traveling in this image?']"	Ship Movement Direction Inference	298.png	15	Medium Difficulty	Upper-left	Down	Left	Lower-right	Lower-left
358.png	Upper-right	B	['Lower-left', 'Upper-right', 'Up', 'Lower-right', 'Down']	"['What is the movement direction of the ship in the image?', 'Which direction is the ship moving in this image?', ""What is the primary direction of the ship's movement shown in the image?"", ""Which direction best describes the ship's movement in the picture?"", 'What direction is the ship traveling in this image?']"	Ship Movement Direction Inference	358.png	16	Medium Difficulty	Lower-left	Upper-right	Up	Lower-right	Down
363.png	Lower-right	C	['Left', 'Up', 'Lower-right', 'Upper-left', 'Down']	"['What is the movement direction of the ship in the image?', 'Which direction is the ship moving in this image?', ""What is the primary direction of the ship's movement shown in the image?"", ""Which direction best describes the ship's movement in the picture?"", 'What direction is the ship traveling in this image?']"	Ship Movement Direction Inference	363.png	17	Medium Difficulty	Left	Up	Lower-right	Upper-left	Down
382.png	Upper-left	C	['Upper-right', 'Right', 'Upper-left', 'Up', 'Lower-left']	"['What is the movement direction of the ship in the image?', 'Which direction is the ship moving in this image?', ""What is the primary direction of the ship's movement shown in the image?"", ""Which direction best describes the ship's movement in the picture?"", 'What direction is the ship traveling in this image?']"	Ship Movement Direction Inference	382.png	18	Medium Difficulty	Upper-right	Right	Upper-left	Up	Lower-left
389.png	Lower-right	A	['Lower-right', 'Up', 'Down', 'Lower-left', 'Left']	"['What is the movement direction of the ship in the image?', 'Which direction is the ship moving in this image?', ""What is the primary direction of the ship's movement shown in the image?"", ""Which direction best describes the ship's movement in the picture?"", 'What direction is the ship traveling in this image?']"	Ship Movement Direction Inference	389.png	19	Medium Difficulty	Lower-right	Up	Down	Lower-left	Left
414.png	Lower-left	B	['Left', 'Lower-left', 'Right', 'Upper-right', 'Lower-right']	"['What is the movement direction of the ship in the image?', 'Which direction is the ship moving in this image?', ""What is the primary direction of the ship's movement shown in the image?"", ""Which direction best describes the ship's movement in the picture?"", 'What direction is the ship traveling in this image?']"	Ship Movement Direction Inference	414.png	20	Medium Difficulty	Left	Lower-left	Right	Upper-right	Lower-right
432.png	Lower-left	A	['Lower-left', 'Left', 'Lower-right', 'Down', 'Right']	"['What is the movement direction of the ship in the image?', 'Which direction is the ship moving in this image?', ""What is the primary direction of the ship's movement shown in the image?"", ""Which direction best describes the ship's movement in the picture?"", 'What direction is the ship traveling in this image?']"	Ship Movement Direction Inference	432.png	21	Medium Difficulty	Lower-left	Left	Lower-right	Down	Right
441.png	Upper-left	B	['Upper-right', 'Upper-left', 'Up', 'Lower-left', 'Right']	"['What is the movement direction of the ship in the image?', 'Which direction is the ship moving in this image?', ""What is the primary direction of the ship's movement shown in the image?"", ""Which direction best describes the ship's movement in the picture?"", 'What direction is the ship traveling in this image?']"	Ship Movement Direction Inference	441.png	22	Medium Difficulty	Upper-right	Upper-left	Up	Lower-left	Right
457.png	Down	E	['Lower-left', 'Up', 'Upper-right', 'Left', 'Down']	"['What is the movement direction of the ship in the image?', 'Which direction is the ship moving in this image?', ""What is the primary direction of the ship's movement shown in the image?"", ""Which direction best describes the ship's movement in the picture?"", 'What direction is the ship traveling in this image?']"	Ship Movement Direction Inference	457.png	23	Medium Difficulty	Lower-left	Up	Upper-right	Left	Down
475.png	Up	C	['Lower-left', 'Right', 'Up', 'Upper-left', 'Down']	"['What is the movement direction of the ship in the image?', 'Which direction is the ship moving in this image?', ""What is the primary direction of the ship's movement shown in the image?"", ""Which direction best describes the ship's movement in the picture?"", 'What direction is the ship traveling in this image?']"	Ship Movement Direction Inference	475.png	24	Medium Difficulty	Lower-left	Right	Up	Upper-left	Down
489.png	Up	B	['Upper-left', 'Up', 'Lower-right', 'Lower-left', 'Right']	"['What is the movement direction of the ship in the image?', 'Which direction is the ship moving in this image?', ""What is the primary direction of the ship's movement shown in the image?"", ""Which direction best describes the ship's movement in the picture?"", 'What direction is the ship traveling in this image?']"	Ship Movement Direction Inference	489.png	25	Medium Difficulty	Upper-left	Up	Lower-right	Lower-left	Right
492.png	Lower-left	A	['Lower-left', 'Left', 'Upper-right', 'Down', 'Upper-left']	"['What is the movement direction of the ship in the image?', 'Which direction is the ship moving in this image?', ""What is the primary direction of the ship's movement shown in the image?"", ""Which direction best describes the ship's movement in the picture?"", 'What direction is the ship traveling in this image?']"	Ship Movement Direction Inference	492.png	26	Medium Difficulty	Lower-left	Left	Upper-right	Down	Upper-left
544.png	Lower-left	C	['Left', 'Upper-left', 'Lower-left', 'Up', 'Down']	"['What is the movement direction of the ship in the image?', 'Which direction is the ship moving in this image?', ""What is the primary direction of the ship's movement shown in the image?"", ""Which direction best describes the ship's movement in the picture?"", 'What direction is the ship traveling in this image?']"	Ship Movement Direction Inference	544.png	27	Medium Difficulty	Left	Upper-left	Lower-left	Up	Down
560.png	Upper-left	D	['Lower-left', 'Up', 'Upper-right', 'Upper-left', 'Right']	"['What is the movement direction of the ship in the image?', 'Which direction is the ship moving in this image?', ""What is the primary direction of the ship's movement shown in the image?"", ""Which direction best describes the ship's movement in the picture?"", 'What direction is the ship traveling in this image?']"	Ship Movement Direction Inference	560.png	28	Medium Difficulty	Lower-left	Up	Upper-right	Upper-left	Right
567.png	Up	B	['Lower-left', 'Up', 'Right', 'Lower-right', 'Upper-right']	"['What is the movement direction of the ship in the image?', 'Which direction is the ship moving in this image?', ""What is the primary direction of the ship's movement shown in the image?"", ""Which direction best describes the ship's movement in the picture?"", 'What direction is the ship traveling in this image?']"	Ship Movement Direction Inference	567.png	29	Medium Difficulty	Lower-left	Up	Right	Lower-right	Upper-right
570.png	Up	D	['Lower-right', 'Right', 'Lower-left', 'Up', 'Down']	"['What is the movement direction of the ship in the image?', 'Which direction is the ship moving in this image?', ""What is the primary direction of the ship's movement shown in the image?"", ""Which direction best describes the ship's movement in the picture?"", 'What direction is the ship traveling in this image?']"	Ship Movement Direction Inference	570.png	30	Medium Difficulty	Lower-right	Right	Lower-left	Up	Down
571.png	Up	A	['Up', 'Right', 'Upper-right', 'Lower-left', 'Upper-left']	"['What is the movement direction of the ship in the image?', 'Which direction is the ship moving in this image?', ""What is the primary direction of the ship's movement shown in the image?"", ""Which direction best describes the ship's movement in the picture?"", 'What direction is the ship traveling in this image?']"	Ship Movement Direction Inference	571.png	31	Medium Difficulty	Up	Right	Upper-right	Lower-left	Upper-left
583.png	Upper-left	D	['Right', 'Down', 'Lower-left', 'Upper-left', 'Up']	"['What is the movement direction of the ship in the image?', 'Which direction is the ship moving in this image?', ""What is the primary direction of the ship's movement shown in the image?"", ""Which direction best describes the ship's movement in the picture?"", 'What direction is the ship traveling in this image?']"	Ship Movement Direction Inference	583.png	32	Medium Difficulty	Right	Down	Lower-left	Upper-left	Up
612.png	Upper-left	C	['Up', 'Left', 'Upper-left', 'Lower-right', 'Down']	"['What is the movement direction of the ship in the image?', 'Which direction is the ship moving in this image?', ""What is the primary direction of the ship's movement shown in the image?"", ""Which direction best describes the ship's movement in the picture?"", 'What direction is the ship traveling in this image?']"	Ship Movement Direction Inference	612.png	33	Medium Difficulty	Up	Left	Upper-left	Lower-right	Down
629.png	Up	A	['Up', 'Right', 'Upper-left', 'Left', 'Upper-right']	"['What is the movement direction of the ship in the image?', 'Which direction is the ship moving in this image?', ""What is the primary direction of the ship's movement shown in the image?"", ""Which direction best describes the ship's movement in the picture?"", 'What direction is the ship traveling in this image?']"	Ship Movement Direction Inference	629.png	34	Medium Difficulty	Up	Right	Upper-left	Left	Upper-right
638.png	Upper-right	E	['Left', 'Lower-left', 'Down', 'Up', 'Upper-right']	"['What is the movement direction of the ship in the image?', 'Which direction is the ship moving in this image?', ""What is the primary direction of the ship's movement shown in the image?"", ""Which direction best describes the ship's movement in the picture?"", 'What direction is the ship traveling in this image?']"	Ship Movement Direction Inference	638.png	35	Medium Difficulty	Left	Lower-left	Down	Up	Upper-right
642.png	Left	A	['Left', 'Down', 'Lower-left', 'Lower-right', 'Up']	"['What is the movement direction of the ship in the image?', 'Which direction is the ship moving in this image?', ""What is the primary direction of the ship's movement shown in the image?"", ""Which direction best describes the ship's movement in the picture?"", 'What direction is the ship traveling in this image?']"	Ship Movement Direction Inference	642.png	36	Medium Difficulty	Left	Down	Lower-left	Lower-right	Up
649.png	Lower-left	B	['Left', 'Lower-left', 'Down', 'Up', 'Upper-right']	"['What is the movement direction of the ship in the image?', 'Which direction is the ship moving in this image?', ""What is the primary direction of the ship's movement shown in the image?"", ""Which direction best describes the ship's movement in the picture?"", 'What direction is the ship traveling in this image?']"	Ship Movement Direction Inference	649.png	37	Medium Difficulty	Left	Lower-left	Down	Up	Upper-right
664.png	Down	C	['Upper-left', 'Up', 'Down', 'Upper-right', 'Left']	"['What is the movement direction of the ship in the image?', 'Which direction is the ship moving in this image?', ""What is the primary direction of the ship's movement shown in the image?"", ""Which direction best describes the ship's movement in the picture?"", 'What direction is the ship traveling in this image?']"	Ship Movement Direction Inference	664.png	38	Medium Difficulty	Upper-left	Up	Down	Upper-right	Left
687.png	Upper-right	E	['Left', 'Lower-left', 'Upper-left', 'Up', 'Upper-right']	"['What is the movement direction of the ship in the image?', 'Which direction is the ship moving in this image?', ""What is the primary direction of the ship's movement shown in the image?"", ""Which direction best describes the ship's movement in the picture?"", 'What direction is the ship traveling in this image?']"	Ship Movement Direction Inference	687.png	39	Medium Difficulty	Left	Lower-left	Upper-left	Up	Upper-right
692.png	Lower-left	A	['Lower-left', 'Up', 'Lower-right', 'Upper-right', 'Upper-left']	"['What is the movement direction of the ship in the image?', 'Which direction is the ship moving in this image?', ""What is the primary direction of the ship's movement shown in the image?"", ""Which direction best describes the ship's movement in the picture?"", 'What direction is the ship traveling in this image?']"	Ship Movement Direction Inference	692.png	40	Medium Difficulty	Lower-left	Up	Lower-right	Upper-right	Upper-left
734.png	Upper-right	C	['Lower-right', 'Down', 'Upper-right', 'Lower-left', 'Upper-left']	"['What is the movement direction of the ship in the image?', 'Which direction is the ship moving in this image?', ""What is the primary direction of the ship's movement shown in the image?"", ""Which direction best describes the ship's movement in the picture?"", 'What direction is the ship traveling in this image?']"	Ship Movement Direction Inference	734.png	41	Medium Difficulty	Lower-right	Down	Upper-right	Lower-left	Upper-left
748.png	Lower-left	A	['Lower-left', 'Right', 'Lower-right', 'Up', 'Left']	"['What is the movement direction of the ship in the image?', 'Which direction is the ship moving in this image?', ""What is the primary direction of the ship's movement shown in the image?"", ""Which direction best describes the ship's movement in the picture?"", 'What direction is the ship traveling in this image?']"	Ship Movement Direction Inference	748.png	42	Medium Difficulty	Lower-left	Right	Lower-right	Up	Left
762.png	Right	B	['Lower-right', 'Right', 'Up', 'Left', 'Down']	"['What is the movement direction of the ship in the image?', 'Which direction is the ship moving in this image?', ""What is the primary direction of the ship's movement shown in the image?"", ""Which direction best describes the ship's movement in the picture?"", 'What direction is the ship traveling in this image?']"	Ship Movement Direction Inference	762.png	43	Medium Difficulty	Lower-right	Right	Up	Left	Down
795.png	Left	C	['Upper-left', 'Lower-right', 'Left', 'Up', 'Lower-left']	"['What is the movement direction of the ship in the image?', 'Which direction is the ship moving in this image?', ""What is the primary direction of the ship's movement shown in the image?"", ""Which direction best describes the ship's movement in the picture?"", 'What direction is the ship traveling in this image?']"	Ship Movement Direction Inference	795.png	44	Medium Difficulty	Upper-left	Lower-right	Left	Up	Lower-left
833.png	Lower-left	A	['Lower-left', 'Lower-right', 'Left', 'Down', 'Upper-right']	"['What is the movement direction of the ship in the image?', 'Which direction is the ship moving in this image?', ""What is the primary direction of the ship's movement shown in the image?"", ""Which direction best describes the ship's movement in the picture?"", 'What direction is the ship traveling in this image?']"	Ship Movement Direction Inference	833.png	45	Medium Difficulty	Lower-left	Lower-right	Left	Down	Upper-right
849.png	Upper-left	C	['Lower-right', 'Upper-right', 'Upper-left', 'Down', 'Right']	"['What is the movement direction of the ship in the image?', 'Which direction is the ship moving in this image?', ""What is the primary direction of the ship's movement shown in the image?"", ""Which direction best describes the ship's movement in the picture?"", 'What direction is the ship traveling in this image?']"	Ship Movement Direction Inference	849.png	46	Medium Difficulty	Lower-right	Upper-right	Upper-left	Down	Right
856.png	Down	C	['Up', 'Upper-right', 'Down', 'Right', 'Left']	"['What is the movement direction of the ship in the image?', 'Which direction is the ship moving in this image?', ""What is the primary direction of the ship's movement shown in the image?"", ""Which direction best describes the ship's movement in the picture?"", 'What direction is the ship traveling in this image?']"	Ship Movement Direction Inference	856.png	47	Medium Difficulty	Up	Upper-right	Down	Right	Left
859.png	Upper-left	C	['Lower-right', 'Up', 'Upper-left', 'Upper-right', 'Right']	"['What is the movement direction of the ship in the image?', 'Which direction is the ship moving in this image?', ""What is the primary direction of the ship's movement shown in the image?"", ""Which direction best describes the ship's movement in the picture?"", 'What direction is the ship traveling in this image?']"	Ship Movement Direction Inference	859.png	48	Medium Difficulty	Lower-right	Up	Upper-left	Upper-right	Right
882.png	Lower-right	C	['Left', 'Right', 'Lower-right', 'Upper-right', 'Down']	"['What is the movement direction of the ship in the image?', 'Which direction is the ship moving in this image?', ""What is the primary direction of the ship's movement shown in the image?"", ""Which direction best describes the ship's movement in the picture?"", 'What direction is the ship traveling in this image?']"	Ship Movement Direction Inference	882.png	49	Medium Difficulty	Left	Right	Lower-right	Upper-right	Down
896.png	Lower-left	D	['Lower-right', 'Upper-right', 'Right', 'Lower-left', 'Upper-left']	"['What is the movement direction of the ship in the image?', 'Which direction is the ship moving in this image?', ""What is the primary direction of the ship's movement shown in the image?"", ""Which direction best describes the ship's movement in the picture?"", 'What direction is the ship traveling in this image?']"	Ship Movement Direction Inference	896.png	50	Medium Difficulty	Lower-right	Upper-right	Right	Lower-left	Upper-left
906.png	Lower-left	C	['Up', 'Upper-left', 'Lower-left', 'Right', 'Left']	"['What is the movement direction of the ship in the image?', 'Which direction is the ship moving in this image?', ""What is the primary direction of the ship's movement shown in the image?"", ""Which direction best describes the ship's movement in the picture?"", 'What direction is the ship traveling in this image?']"	Ship Movement Direction Inference	906.png	51	Medium Difficulty	Up	Upper-left	Lower-left	Right	Left
924.png	Lower-left	C	['Right', 'Lower-right', 'Lower-left', 'Down', 'Left']	"['What is the movement direction of the ship in the image?', 'Which direction is the ship moving in this image?', ""What is the primary direction of the ship's movement shown in the image?"", ""Which direction best describes the ship's movement in the picture?"", 'What direction is the ship traveling in this image?']"	Ship Movement Direction Inference	924.png	52	Medium Difficulty	Right	Lower-right	Lower-left	Down	Left
941.png	Lower-left	C	['Upper-right', 'Lower-right', 'Lower-left', 'Right', 'Upper-left']	"['What is the movement direction of the ship in the image?', 'Which direction is the ship moving in this image?', ""What is the primary direction of the ship's movement shown in the image?"", ""Which direction best describes the ship's movement in the picture?"", 'What direction is the ship traveling in this image?']"	Ship Movement Direction Inference	941.png	53	Medium Difficulty	Upper-right	Lower-right	Lower-left	Right	Upper-left
955.png	Up	A	['Up', 'Right', 'Down', 'Lower-left', 'Upper-left']	"['What is the movement direction of the ship in the image?', 'Which direction is the ship moving in this image?', ""What is the primary direction of the ship's movement shown in the image?"", ""Which direction best describes the ship's movement in the picture?"", 'What direction is the ship traveling in this image?']"	Ship Movement Direction Inference	955.png	54	Medium Difficulty	Up	Right	Down	Lower-left	Upper-left
976.png	Lower-right	E	['Down', 'Up', 'Upper-right', 'Left', 'Lower-right']	"['What is the movement direction of the ship in the image?', 'Which direction is the ship moving in this image?', ""What is the primary direction of the ship's movement shown in the image?"", ""Which direction best describes the ship's movement in the picture?"", 'What direction is the ship traveling in this image?']"	Ship Movement Direction Inference	976.png	55	Medium Difficulty	Down	Up	Upper-right	Left	Lower-right
986.png	Upper-right	A	['Upper-right', 'Lower-left', 'Lower-right', 'Right', 'Left']	"['What is the movement direction of the ship in the image?', 'Which direction is the ship moving in this image?', ""What is the primary direction of the ship's movement shown in the image?"", ""Which direction best describes the ship's movement in the picture?"", 'What direction is the ship traveling in this image?']"	Ship Movement Direction Inference	986.png	56	Medium Difficulty	Upper-right	Lower-left	Lower-right	Right	Left
987.png	Lower-left	B	['Upper-left', 'Lower-left', 'Up', 'Upper-right', 'Left']	"['What is the movement direction of the ship in the image?', 'Which direction is the ship moving in this image?', ""What is the primary direction of the ship's movement shown in the image?"", ""Which direction best describes the ship's movement in the picture?"", 'What direction is the ship traveling in this image?']"	Ship Movement Direction Inference	987.png	57	Medium Difficulty	Upper-left	Lower-left	Up	Upper-right	Left
1053.png	Right	B	['Down', 'Right', 'Left', 'Lower-right', 'Up']	"['What is the movement direction of the ship in the image?', 'Which direction is the ship moving in this image?', ""What is the primary direction of the ship's movement shown in the image?"", ""Which direction best describes the ship's movement in the picture?"", 'What direction is the ship traveling in this image?']"	Ship Movement Direction Inference	1053.png	58	Medium Difficulty	Down	Right	Left	Lower-right	Up
1063.png	Lower-left	C	['Up', 'Lower-right', 'Lower-left', 'Down', 'Right']	"['What is the movement direction of the ship in the image?', 'Which direction is the ship moving in this image?', ""What is the primary direction of the ship's movement shown in the image?"", ""Which direction best describes the ship's movement in the picture?"", 'What direction is the ship traveling in this image?']"	Ship Movement Direction Inference	1063.png	59	Medium Difficulty	Up	Lower-right	Lower-left	Down	Right
1084.png	Lower-left	D	['Right', 'Left', 'Upper-right', 'Lower-left', 'Lower-right']	"['What is the movement direction of the ship in the image?', 'Which direction is the ship moving in this image?', ""What is the primary direction of the ship's movement shown in the image?"", ""Which direction best describes the ship's movement in the picture?"", 'What direction is the ship traveling in this image?']"	Ship Movement Direction Inference	1084.png	60	Medium Difficulty	Right	Left	Upper-right	Lower-left	Lower-right
1157.png	Down	E	['Right', 'Upper-left', 'Left', 'Up', 'Down']	"['What is the movement direction of the ship in the image?', 'Which direction is the ship moving in this image?', ""What is the primary direction of the ship's movement shown in the image?"", ""Which direction best describes the ship's movement in the picture?"", 'What direction is the ship traveling in this image?']"	Ship Movement Direction Inference	1157.png	61	Medium Difficulty	Right	Upper-left	Left	Up	Down
1175.png	Down	C	['Right', 'Up', 'Down', 'Left', 'Lower-right']	"['What is the movement direction of the ship in the image?', 'Which direction is the ship moving in this image?', ""What is the primary direction of the ship's movement shown in the image?"", ""Which direction best describes the ship's movement in the picture?"", 'What direction is the ship traveling in this image?']"	Ship Movement Direction Inference	1175.png	62	Medium Difficulty	Right	Up	Down	Left	Lower-right
1352.png	Upper-right	C	['Right', 'Lower-right', 'Upper-right', 'Down', 'Up']	"['What is the movement direction of the ship in the image?', 'Which direction is the ship moving in this image?', ""What is the primary direction of the ship's movement shown in the image?"", ""Which direction best describes the ship's movement in the picture?"", 'What direction is the ship traveling in this image?']"	Ship Movement Direction Inference	1352.png	63	Medium Difficulty	Right	Lower-right	Upper-right	Down	Up
1363.png	Upper-left	B	['Lower-left', 'Upper-left', 'Up', 'Left', 'Upper-right']	"['What is the movement direction of the ship in the image?', 'Which direction is the ship moving in this image?', ""What is the primary direction of the ship's movement shown in the image?"", ""Which direction best describes the ship's movement in the picture?"", 'What direction is the ship traveling in this image?']"	Ship Movement Direction Inference	1363.png	64	Medium Difficulty	Lower-left	Upper-left	Up	Left	Upper-right
1369.png	Upper-right	A	['Upper-right', 'Down', 'Left', 'Lower-left', 'Up']	"['What is the movement direction of the ship in the image?', 'Which direction is the ship moving in this image?', ""What is the primary direction of the ship's movement shown in the image?"", ""Which direction best describes the ship's movement in the picture?"", 'What direction is the ship traveling in this image?']"	Ship Movement Direction Inference	1369.png	65	Medium Difficulty	Upper-right	Down	Left	Lower-left	Up
1397.png	Lower-left	B	['Down', 'Lower-left', 'Right', 'Left', 'Upper-right']	"['What is the movement direction of the ship in the image?', 'Which direction is the ship moving in this image?', ""What is the primary direction of the ship's movement shown in the image?"", ""Which direction best describes the ship's movement in the picture?"", 'What direction is the ship traveling in this image?']"	Ship Movement Direction Inference	1397.png	66	Medium Difficulty	Down	Lower-left	Right	Left	Upper-right
1406.png	Upper-right	E	['Lower-left', 'Upper-left', 'Right', 'Down', 'Upper-right']	"['What is the movement direction of the ship in the image?', 'Which direction is the ship moving in this image?', ""What is the primary direction of the ship's movement shown in the image?"", ""Which direction best describes the ship's movement in the picture?"", 'What direction is the ship traveling in this image?']"	Ship Movement Direction Inference	1406.png	67	Medium Difficulty	Lower-left	Upper-left	Right	Down	Upper-right
1446.png	Up	E	['Upper-left', 'Lower-left', 'Down', 'Right', 'Up']	"['What is the movement direction of the ship in the image?', 'Which direction is the ship moving in this image?', ""What is the primary direction of the ship's movement shown in the image?"", ""Which direction best describes the ship's movement in the picture?"", 'What direction is the ship traveling in this image?']"	Ship Movement Direction Inference	1446.png	68	Medium Difficulty	Upper-left	Lower-left	Down	Right	Up
1447.png	Up	A	['Up', 'Left', 'Lower-left', 'Lower-right', 'Upper-left']	"['What is the movement direction of the ship in the image?', 'Which direction is the ship moving in this image?', ""What is the primary direction of the ship's movement shown in the image?"", ""Which direction best describes the ship's movement in the picture?"", 'What direction is the ship traveling in this image?']"	Ship Movement Direction Inference	1447.png	69	Medium Difficulty	Up	Left	Lower-left	Lower-right	Upper-left
1469.png	Up	A	['Up', 'Down', 'Right', 'Upper-right', 'Lower-right']	"['What is the movement direction of the ship in the image?', 'Which direction is the ship moving in this image?', ""What is the primary direction of the ship's movement shown in the image?"", ""Which direction best describes the ship's movement in the picture?"", 'What direction is the ship traveling in this image?']"	Ship Movement Direction Inference	1469.png	70	Medium Difficulty	Up	Down	Right	Upper-right	Lower-right
1492.png	Down	A	['Down', 'Left', 'Up', 'Lower-left', 'Right']	"['What is the movement direction of the ship in the image?', 'Which direction is the ship moving in this image?', ""What is the primary direction of the ship's movement shown in the image?"", ""Which direction best describes the ship's movement in the picture?"", 'What direction is the ship traveling in this image?']"	Ship Movement Direction Inference	1492.png	71	Medium Difficulty	Down	Left	Up	Lower-left	Right
1567.png	Up	D	['Upper-right', 'Down', 'Lower-left', 'Up', 'Left']	"['What is the movement direction of the ship in the image?', 'Which direction is the ship moving in this image?', ""What is the primary direction of the ship's movement shown in the image?"", ""Which direction best describes the ship's movement in the picture?"", 'What direction is the ship traveling in this image?']"	Ship Movement Direction Inference	1567.png	72	Medium Difficulty	Upper-right	Down	Lower-left	Up	Left
1602.png	Up	C	['Left', 'Lower-left', 'Up', 'Lower-right', 'Upper-left']	"['What is the movement direction of the ship in the image?', 'Which direction is the ship moving in this image?', ""What is the primary direction of the ship's movement shown in the image?"", ""Which direction best describes the ship's movement in the picture?"", 'What direction is the ship traveling in this image?']"	Ship Movement Direction Inference	1602.png	73	Medium Difficulty	Left	Lower-left	Up	Lower-right	Upper-left
1605.png	Lower-left	B	['Upper-left', 'Lower-left', 'Right', 'Lower-right', 'Upper-right']	"['What is the movement direction of the ship in the image?', 'Which direction is the ship moving in this image?', ""What is the primary direction of the ship's movement shown in the image?"", ""Which direction best describes the ship's movement in the picture?"", 'What direction is the ship traveling in this image?']"	Ship Movement Direction Inference	1605.png	74	Medium Difficulty	Upper-left	Lower-left	Right	Lower-right	Upper-right
1660.png	Lower-left	E	['Upper-right', 'Left', 'Right', 'Up', 'Lower-left']	"['What is the movement direction of the ship in the image?', 'Which direction is the ship moving in this image?', ""What is the primary direction of the ship's movement shown in the image?"", ""Which direction best describes the ship's movement in the picture?"", 'What direction is the ship traveling in this image?']"	Ship Movement Direction Inference	1660.png	75	Medium Difficulty	Upper-right	Left	Right	Up	Lower-left
1661.png	Lower-left	C	['Up', 'Lower-right', 'Lower-left', 'Right', 'Upper-left']	"['What is the movement direction of the ship in the image?', 'Which direction is the ship moving in this image?', ""What is the primary direction of the ship's movement shown in the image?"", ""Which direction best describes the ship's movement in the picture?"", 'What direction is the ship traveling in this image?']"	Ship Movement Direction Inference	1661.png	76	Medium Difficulty	Up	Lower-right	Lower-left	Right	Upper-left
1682.png	Down	D	['Upper-left', 'Right', 'Up', 'Down', 'Lower-left']	"['What is the movement direction of the ship in the image?', 'Which direction is the ship moving in this image?', ""What is the primary direction of the ship's movement shown in the image?"", ""Which direction best describes the ship's movement in the picture?"", 'What direction is the ship traveling in this image?']"	Ship Movement Direction Inference	1682.png	77	Medium Difficulty	Upper-left	Right	Up	Down	Lower-left
1710.png	Down	C	['Upper-right', 'Lower-right', 'Down', 'Lower-left', 'Up']	"['What is the movement direction of the ship in the image?', 'Which direction is the ship moving in this image?', ""What is the primary direction of the ship's movement shown in the image?"", ""Which direction best describes the ship's movement in the picture?"", 'What direction is the ship traveling in this image?']"	Ship Movement Direction Inference	1710.png	78	Medium Difficulty	Upper-right	Lower-right	Down	Lower-left	Up
1781.png	Lower-left	B	['Right', 'Lower-left', 'Left', 'Down', 'Upper-left']	"['What is the movement direction of the ship in the image?', 'Which direction is the ship moving in this image?', ""What is the primary direction of the ship's movement shown in the image?"", ""Which direction best describes the ship's movement in the picture?"", 'What direction is the ship traveling in this image?']"	Ship Movement Direction Inference	1781.png	79	Medium Difficulty	Right	Lower-left	Left	Down	Upper-left
1793.png	Down	B	['Upper-left', 'Down', 'Lower-left', 'Left', 'Up']	"['What is the movement direction of the ship in the image?', 'Which direction is the ship moving in this image?', ""What is the primary direction of the ship's movement shown in the image?"", ""Which direction best describes the ship's movement in the picture?"", 'What direction is the ship traveling in this image?']"	Ship Movement Direction Inference	1793.png	80	Medium Difficulty	Upper-left	Down	Lower-left	Left	Up
1830.png	Upper-right	E	['Lower-left', 'Upper-left', 'Up', 'Lower-right', 'Upper-right']	"['What is the movement direction of the ship in the image?', 'Which direction is the ship moving in this image?', ""What is the primary direction of the ship's movement shown in the image?"", ""Which direction best describes the ship's movement in the picture?"", 'What direction is the ship traveling in this image?']"	Ship Movement Direction Inference	1830.png	81	Medium Difficulty	Lower-left	Upper-left	Up	Lower-right	Upper-right
1865.png	Upper-left	C	['Up', 'Upper-right', 'Upper-left', 'Down', 'Left']	"['What is the movement direction of the ship in the image?', 'Which direction is the ship moving in this image?', ""What is the primary direction of the ship's movement shown in the image?"", ""Which direction best describes the ship's movement in the picture?"", 'What direction is the ship traveling in this image?']"	Ship Movement Direction Inference	1865.png	82	Medium Difficulty	Up	Upper-right	Upper-left	Down	Left
1879.png	Upper-right	B	['Lower-left', 'Upper-right', 'Down', 'Lower-right', 'Upper-left']	"['What is the movement direction of the ship in the image?', 'Which direction is the ship moving in this image?', ""What is the primary direction of the ship's movement shown in the image?"", ""Which direction best describes the ship's movement in the picture?"", 'What direction is the ship traveling in this image?']"	Ship Movement Direction Inference	1879.png	83	Medium Difficulty	Lower-left	Upper-right	Down	Lower-right	Upper-left
1889.png	Lower-right	D	['Down', 'Lower-left', 'Right', 'Lower-right', 'Up']	"['What is the movement direction of the ship in the image?', 'Which direction is the ship moving in this image?', ""What is the primary direction of the ship's movement shown in the image?"", ""Which direction best describes the ship's movement in the picture?"", 'What direction is the ship traveling in this image?']"	Ship Movement Direction Inference	1889.png	84	Medium Difficulty	Down	Lower-left	Right	Lower-right	Up
1894.png	Upper-right	C	['Lower-left', 'Down', 'Upper-right', 'Up', 'Upper-left']	"['What is the movement direction of the ship in the image?', 'Which direction is the ship moving in this image?', ""What is the primary direction of the ship's movement shown in the image?"", ""Which direction best describes the ship's movement in the picture?"", 'What direction is the ship traveling in this image?']"	Ship Movement Direction Inference	1894.png	85	Medium Difficulty	Lower-left	Down	Upper-right	Up	Upper-left
1904.png	Upper-right	C	['Right', 'Upper-left', 'Upper-right', 'Left', 'Up']	"['What is the movement direction of the ship in the image?', 'Which direction is the ship moving in this image?', ""What is the primary direction of the ship's movement shown in the image?"", ""Which direction best describes the ship's movement in the picture?"", 'What direction is the ship traveling in this image?']"	Ship Movement Direction Inference	1904.png	86	Medium Difficulty	Right	Upper-left	Upper-right	Left	Up
1927.png	Up	E	['Left', 'Lower-left', 'Down', 'Lower-right', 'Up']	"['What is the movement direction of the ship in the image?', 'Which direction is the ship moving in this image?', ""What is the primary direction of the ship's movement shown in the image?"", ""Which direction best describes the ship's movement in the picture?"", 'What direction is the ship traveling in this image?']"	Ship Movement Direction Inference	1927.png	87	Medium Difficulty	Left	Lower-left	Down	Lower-right	Up
1934.png	Up	D	['Upper-right', 'Lower-right', 'Down', 'Up', 'Right']	"['What is the movement direction of the ship in the image?', 'Which direction is the ship moving in this image?', ""What is the primary direction of the ship's movement shown in the image?"", ""Which direction best describes the ship's movement in the picture?"", 'What direction is the ship traveling in this image?']"	Ship Movement Direction Inference	1934.png	88	Medium Difficulty	Upper-right	Lower-right	Down	Up	Right
1966.png	Up	B	['Left', 'Up', 'Upper-right', 'Lower-left', 'Down']	"['What is the movement direction of the ship in the image?', 'Which direction is the ship moving in this image?', ""What is the primary direction of the ship's movement shown in the image?"", ""Which direction best describes the ship's movement in the picture?"", 'What direction is the ship traveling in this image?']"	Ship Movement Direction Inference	1966.png	89	Medium Difficulty	Left	Up	Upper-right	Lower-left	Down
1979.png	Right	A	['Right', 'Lower-left', 'Up', 'Left', 'Upper-right']	"['What is the movement direction of the ship in the image?', 'Which direction is the ship moving in this image?', ""What is the primary direction of the ship's movement shown in the image?"", ""Which direction best describes the ship's movement in the picture?"", 'What direction is the ship traveling in this image?']"	Ship Movement Direction Inference	1979.png	90	Medium Difficulty	Right	Lower-left	Up	Left	Upper-right
1994.png	Upper-left	C	['Left', 'Lower-right', 'Upper-left', 'Upper-right', 'Down']	"['What is the movement direction of the ship in the image?', 'Which direction is the ship moving in this image?', ""What is the primary direction of the ship's movement shown in the image?"", ""Which direction best describes the ship's movement in the picture?"", 'What direction is the ship traveling in this image?']"	Ship Movement Direction Inference	1994.png	91	Medium Difficulty	Left	Lower-right	Upper-left	Upper-right	Down
2021.png	Lower-right	A	['Lower-right', 'Left', 'Upper-right', 'Right', 'Down']	"['What is the movement direction of the ship in the image?', 'Which direction is the ship moving in this image?', ""What is the primary direction of the ship's movement shown in the image?"", ""Which direction best describes the ship's movement in the picture?"", 'What direction is the ship traveling in this image?']"	Ship Movement Direction Inference	2021.png	92	Medium Difficulty	Lower-right	Left	Upper-right	Right	Down
2066.png	Up	E	['Upper-right', 'Left', 'Down', 'Lower-right', 'Up']	"['What is the movement direction of the ship in the image?', 'Which direction is the ship moving in this image?', ""What is the primary direction of the ship's movement shown in the image?"", ""Which direction best describes the ship's movement in the picture?"", 'What direction is the ship traveling in this image?']"	Ship Movement Direction Inference	2066.png	93	Medium Difficulty	Upper-right	Left	Down	Lower-right	Up
2210.png	Down	B	['Upper-left', 'Down', 'Left', 'Upper-right', 'Right']	"['What is the movement direction of the ship in the image?', 'Which direction is the ship moving in this image?', ""What is the primary direction of the ship's movement shown in the image?"", ""Which direction best describes the ship's movement in the picture?"", 'What direction is the ship traveling in this image?']"	Ship Movement Direction Inference	2210.png	94	Medium Difficulty	Upper-left	Down	Left	Upper-right	Right
2212.png	Upper-right	C	['Upper-left', 'Right', 'Upper-right', 'Lower-right', 'Left']	"['What is the movement direction of the ship in the image?', 'Which direction is the ship moving in this image?', ""What is the primary direction of the ship's movement shown in the image?"", ""Which direction best describes the ship's movement in the picture?"", 'What direction is the ship traveling in this image?']"	Ship Movement Direction Inference	2212.png	95	Medium Difficulty	Upper-left	Right	Upper-right	Lower-right	Left
2899.png	Lower-right	A	['Lower-right', 'Right', 'Upper-left', 'Up', 'Lower-left']	"['What is the movement direction of the ship in the image?', 'Which direction is the ship moving in this image?', ""What is the primary direction of the ship's movement shown in the image?"", ""Which direction best describes the ship's movement in the picture?"", 'What direction is the ship traveling in this image?']"	Ship Movement Direction Inference	2899.png	96	Medium Difficulty	Lower-right	Right	Upper-left	Up	Lower-left
2921.png	Lower-right	C	['Left', 'Down', 'Lower-right', 'Upper-left', 'Up']	"['What is the movement direction of the ship in the image?', 'Which direction is the ship moving in this image?', ""What is the primary direction of the ship's movement shown in the image?"", ""Which direction best describes the ship's movement in the picture?"", 'What direction is the ship traveling in this image?']"	Ship Movement Direction Inference	2921.png	97	Medium Difficulty	Left	Down	Lower-right	Upper-left	Up
2952.png	Upper-left	E	['Lower-right', 'Right', 'Up', 'Upper-right', 'Upper-left']	"['What is the movement direction of the ship in the image?', 'Which direction is the ship moving in this image?', ""What is the primary direction of the ship's movement shown in the image?"", ""Which direction best describes the ship's movement in the picture?"", 'What direction is the ship traveling in this image?']"	Ship Movement Direction Inference	2952.png	98	Medium Difficulty	Lower-right	Right	Up	Upper-right	Upper-left
2959.png	Upper-left	C	['Lower-right', 'Upper-right', 'Upper-left', 'Left', 'Right']	"['What is the movement direction of the ship in the image?', 'Which direction is the ship moving in this image?', ""What is the primary direction of the ship's movement shown in the image?"", ""Which direction best describes the ship's movement in the picture?"", 'What direction is the ship traveling in this image?']"	Ship Movement Direction Inference	2959.png	99	Medium Difficulty	Lower-right	Upper-right	Upper-left	Left	Right
3695.png	Down	D	['Right', 'Upper-left', 'Up', 'Down', 'Upper-right']	"['What is the movement direction of the ship in the image?', 'Which direction is the ship moving in this image?', ""What is the primary direction of the ship's movement shown in the image?"", ""Which direction best describes the ship's movement in the picture?"", 'What direction is the ship traveling in this image?']"	Ship Movement Direction Inference	3695.png	100	Medium Difficulty	Right	Upper-left	Up	Down	Upper-right
